Driver Name,Phone Number,Email,Date/Time,Trip ID,Type,Fare Base,Fare Distance,Fare Minimum Fare Supplement,Fare Surge,Fare Time,Fare Wait Time At Pickup,Promotion Consecutive Trips,Tip,Refunds Toll,Expenses Fuel Charge,Expenses Instant Pay Fees,Expenses Optional Insurance,Total
"Ramez Youssef","","ramezwyoussef@gmail.com","Monday, September 4, 2017 3:48 PM","198803b6-d7a0-4baf-8fd9-02ecc86d4d36","uberX VIP","$0.84","$11.06","","","$2.95","","","","","","","-$0.56","$14.29"
"Ramez Youssef","","ramezwyoussef@gmail.com","Wednesday, September 6, 2017 9:49 AM","fa2c818e-cb21-43d7-b151-2617036387a3","uberX","$0.84","$0.78","$1.65","","$0.69","","","","","","","-$0.04","$3.92"
"Ramez Youssef","","ramezwyoussef@gmail.com","Thursday, September 7, 2017 11:07 AM","ede190d2-542c-4740-8c09-35bdad5d4967","uberX VIP","$0.84","$9.48","","","$2.99","","","$4.00","$2.45","","","-$0.48","$19.28"
"Ramez Youssef","","ramezwyoussef@gmail.com","Tuesday, September 5, 2017 3:02 PM","2b5ec804-00f4-450f-9e49-4885f2e6b4fc","POOL","$0.84","$1.17","$0.72","","$1.23","","","","","","","-$0.06","$3.90"
"Ramez Youssef","","ramezwyoussef@gmail.com","Monday, September 4, 2017 4:25 PM","db3eecd0-bb17-42ac-b7fb-fcef32e1736c","uberX","$0.84","$0.97","$1.50","","$0.65","$0.06","","","","","","-$0.05","$3.97"
"Ramez Youssef","","ramezwyoussef@gmail.com","Tuesday, September 5, 2017 1:19 PM","89cadad8-dd05-4dee-a5e9-23ef56a6727a","POOL","$0.84","$6.82","","","$2.86","","","","$1.35","","","-$0.34","$11.53"
"Ramez Youssef","","ramezwyoussef@gmail.com","Tuesday, September 5, 2017 1:01 PM","5c8b1d26-0439-4793-a64d-dde10e517413","uberX","$0.84","$1.53","$0.16","","$1.43","","","","","","","-$0.08","$3.88"
"Ramez Youssef","","ramezwyoussef@gmail.com","Tuesday, September 5, 2017 2:31 PM","401e70e7-4658-4381-8625-7b921bb408a1","uberX","$0.84","$11.57","","","$3.29","","","","$3.00","","","-$0.58","$18.12"
"Ramez Youssef","","ramezwyoussef@gmail.com","Tuesday, September 5, 2017 2:05 PM","9c5e2911-81b3-41ac-adc1-e17e9d0c4f7c","uberX","$0.84","$3.46","","","$2.08","","","$1.00","","","","-$0.17","$7.21"
"Ramez Youssef","","ramezwyoussef@gmail.com","Thursday, September 7, 2017 8:38 AM","6514755e-755a-4fad-8382-9f8fe4092684","POOL","$0.84","$2.75","","$2.97","$2.37","","","","","","","-$0.14","$8.79"
"Ramez Youssef","","ramezwyoussef@gmail.com","Thursday, September 7, 2017 9:04 AM","e1aba8c1-96b4-4e18-aaf1-e34b60f5ee9d","POOL","$0.84","$5.64","$0.11","","$4.65","","$6.50","","","","","-$0.28","$17.46"
"Ramez Youssef","","ramezwyoussef@gmail.com","Monday, September 4, 2017 3:03 PM","55aaeeed-eccd-4498-a215-cbfb8ce18537","uberX","$0.84","$2.33","","","$1.32","$0.01","","","","","","-$0.12","$4.38"
"Ramez Youssef","","ramezwyoussef@gmail.com","Monday, September 4, 2017 5:06 PM","b48af300-a69c-493a-94ee-6b9ed1d87cfc","uberX","$0.84","$0.60","$2.10","","$0.42","","","","","","","-$0.03","$3.93"
"Ramez Youssef","","ramezwyoussef@gmail.com","Monday, September 4, 2017 6:03 PM","cba1e852-53f9-48a4-b5aa-4cef2da4df09","uberX","$0.84","$21.82","","","$7.30","$0.23","","","$21.45","","","-$1.10","$50.54"
"Ramez Youssef","","ramezwyoussef@gmail.com","Tuesday, September 5, 2017 1:54 PM","7aa5e3b6-a985-4104-8f1b-c44c276dbc21","uberX","$0.84","$0.65","$1.81","","$0.66","","","","","","","-$0.03","$3.93"
"Ramez Youssef","","ramezwyoussef@gmail.com","Thursday, September 7, 2017 10:34 AM","2c3b5de1-4acd-40e6-bbb4-d7213258bacb","uberXL","$1.08","$13.74","","","$2.89","","","","","","","-$0.44","$17.27"
"Ramez Youssef","","ramezwyoussef@gmail.com","Tuesday, September 5, 2017 3:21 PM","f3eee475-200f-4274-90d6-98de0d2c66bc","uberX","$0.84","$1.18","$1.17","","$0.77","","","","","","","-$0.06","$3.90"
"Ramez Youssef","","ramezwyoussef@gmail.com","Monday, September 4, 2017 2:56 PM","73b55725-9948-42a9-b6e1-4317340cfff3","uberX","$0.84","$0.41","$2.31","","$0.40","","","","","","","-$0.02","$3.94"
"Ramez Youssef","","ramezwyoussef@gmail.com","Monday, September 4, 2017 3:19 PM","5accaf45-08c3-4a33-b4cd-afde646a685b","uberX","$0.84","$8.83","","","$2.57","$0.06","","$4.00","$2.45","","","-$0.44","$18.31"
"Ramez Youssef","","ramezwyoussef@gmail.com","Tuesday, September 5, 2017 12:33 PM","99e974e4-8cb7-4c4b-bd83-dc6a35f65168","uberX VIP","$0.84","$1.99","","","$1.54","","","","","","","-$0.10","$4.27"
"Ramez Youssef","","ramezwyoussef@gmail.com","Tuesday, September 5, 2017 3:34 PM","b00729b9-9be6-4407-b836-3e5fbf12a422","uberX","$0.84","$13.03","","","$4.52","","","","$2.45","","","-$0.66","$20.18"
"Ramez Youssef","","ramezwyoussef@gmail.com","Monday, September 4, 2017 4:41 PM","e1c69cb1-70dc-4551-86f6-d2d88018a51b","POOL","$0.84","$4.21","","","$1.76","","","","","","","-$0.21","$6.60"
